{
  "SPU": {
    "DBufIRQ": false,
    "IRQWait": true,
    "Interp": 2,
    "Mono": false,
    "Mute": false,
    "Pitch": false,
    "Reverb": 2,
    "Streaming": true,
    "Volume": 3
  },
  "emulator": {
    "8Megs": false,
    "AutoVideo": false,
    "Bios": "/home/dan/Downloads/SCPH1002.BIN",
    "BnWMdec": false,
    "CDDA": 1,
    "Debug": {
      "Debug": false,
      "FirstChanceException": 7408,
      "GdbManifest": true,
      "GdbServer": false,
      "GdbServerPort": 3333,
      "GdbServerTrace": false,
      "KernelCallA0_00_1f": 4294967295,
      "KernelCallA0_20_3f": 4294967295,
      "KernelCallA0_40_5f": 4294967295,
      "KernelCallA0_60_7f": 4294967295,
      "KernelCallA0_80_9f": 4294967295,
      "KernelCallA0_a0_bf": 4294967295,
      "KernelCallB0_00_1f": 4294967295,
      "KernelCallB0_20_3f": 4294967295,
      "KernelCallB0_40_5f": 4294967295,
      "KernelCallC0_00_1f": 4294967295,
      "KernelLog": false,
      "LoggingCDROM": false,
      "PCdrv": false,
      "PCdrvBase": "",
      "SkipISR": false,
      "Trace": false,
      "WebServer": false,
      "WebServerPort": 8080
    },
    "Dynarec": true,
    "FastBoot": false,
    "IsoPath": "/home/dan/Projects/midi_example",
    "Locale": "",
    "Logfile": "",
    "Mcd1": "memcard1.mcd",
    "Mcd1Inserted": true,
    "Mcd2": "memcard2.mcd",
    "Mcd2Inserted": true,
    "Overlay": [],
    "PpfDir": "",
    "PsxExe": "",
    "RCntFix": false,
    "SpuIrq": false,
    "Stdout": false,
    "Video": 1,
    "Xa": true
  },
  "gui": {
    "Fullscreen": false,
    "FullscreenRender": true,
    "IdleSwapInterval": 1,
    "MainFontSize": 16,
    "MonoFontSize": 16,
    "ShowLog": false,
    "ShowLuaConsole": false,
    "ShowLuaEditor": false,
    "ShowLuaInspector": false,
    "ShowMenu": true,
    "WindowPosX": 310,
    "WindowPosY": 143,
    "WindowSizeX": 1280,
    "WindowSizeY": 800
  },
  "imgui": "[Window][Debug##Default]\nPos=60,60\nSize=400,400\nCollapsed=0\n\n[Window][Select BIOS]\nPos=253,166\nSize=774,468\nCollapsed=0\n\n[Window][Emulation Configuration]\nViewportPos=50,30\nViewportId=0xA515CB4B\nSize=300,500\nCollapsed=0\n\n[Window][Open Binary]\nViewportPos=647,569\nViewportId=0xB4D8DB33\nSize=774,468\nCollapsed=0\n\n[Docking][Data]\n\n",
  "loggers": {
    "CDROM": {
      "displayed": true,
      "enabled": true
    },
    "CDROM_IO": {
      "displayed": true,
      "enabled": true
    },
    "CPU": {
      "displayed": true,
      "enabled": true
    },
    "DMA": {
      "displayed": true,
      "enabled": true
    },
    "GTE": {
      "displayed": true,
      "enabled": true
    },
    "HARDWARE": {
      "displayed": true,
      "enabled": true
    },
    "IRQ": {
      "displayed": true,
      "enabled": true
    },
    "KERNEL": {
      "displayed": true,
      "enabled": true
    },
    "MEMORY": {
      "displayed": true,
      "enabled": true
    },
    "MIPS": {
      "displayed": true,
      "enabled": true
    },
    "SIO0": {
      "displayed": true,
      "enabled": true
    },
    "SIO1": {
      "displayed": true,
      "enabled": true
    },
    "UI": {
      "displayed": true,
      "enabled": true
    },
    "UNCATEGORIZED": {
      "displayed": true,
      "enabled": true
    }
  }
}
